{"r2": 0.9985057450449774, "mae": 1.4390036004218876, "mse": 4.1942815991951266, "rmse": 2.0479945310461956}